{
"lengthUnit": "mil",
"components": {
	"fields": ["COMPONENT_NO", "COMPONENT_NAME", "LAYER", "X_COORDINATE", "Y_COORDINATE", "ANGLE"],
	"rows": [
		[1, "A", "T", 2408, -1260, 90],
		[2, "B", "T", 2610, -1260, 90],
		[3, "BOOT", "T", 420, -460, 180],
		[4, "C1", "T", 2370, -795, 0],
		[5, "C17", "T", 610, -840, 270],
		[6, "C18", "T", 2095, -430, 270],
		[7, "C19", "T", 2585, -350, 180],
		[8, "C20", "T", 2421.95, -627.32, 90],
		[9, "C21", "T", 2095, -565, 90],
		[10, "CALI", "T", 2534.01, -964.85, 0],
		[11, "CN1", "T", 185, -535, 270],
		[12, "D1", "T", 170, -960, 0],
		[13, "D2", "T", 170, -825, 0],
		[14, "EN", "T", 420, -655, 180],
		[15, "FIN-1", "T", 225, -175, 180],
		[16, "FIN-2", "T", 622.5, -175, 180],
		[17, "FIN-3", "T", 1020, -175, 180],
		[18, "FIN-4", "T", 1417.5, -175, 180],
		[19, "FIN-5", "T", 1815, -175, 180],
		[20, "GRAB", "T", 2004, -1259.42, 90],
		[21, "JOYSTICK", "T", 2585, -620, 90],
		[22, "L1", "T", 425, -980, 180],
		[23, "L2", "T", 232.44, -724.26, 180],
		[24, "LED1", "T", 2165, -890, 90],
		[25, "LED2", "T", 95, -1305, 180],
		[26, "MENU", "T", 1600, -1255, 270],
		[27, "PINCH", "T", 2206, -1259.42, 90],
		[28, "R1", "T", 625, -1110, 90],
		[29, "R2", "T", 625, -1300, 90],
		[30, "R6", "T", 95, -1180, 0],
		[31, "R8", "T", 600.55, -657.64, 90],
		[32, "R9", "T", 600, -465, 90],
		[33, "R10", "T", 2336.37, -925.25, 270],
		[34, "R15", "T", 1598.4, -1103.97, 180],
		[35, "R16", "T", 1807.9, -1101.97, 180],
		[36, "R17", "T", 2017.4, -1101.97, 0],
		[37, "R18", "T", 2226.9, -1101.97, 0],
		[38, "R19", "T", 2436.4, -1101.97, 0],
		[39, "R20", "T", 2645.9, -1101.97, 0],
		[40, "TRIG", "T", 1802, -1259.42, 270],
		[41, "U2", "T", 2320, -410, 180],
		[42, "U10", "T", 1075, -735, 180],
		[43, "U11", "T", 1755, -985, 0],
		[44, "U12", "T", 2370, -155, 180],
		[45, "USB1", "T", 375, -1185, 0]
	]
},
"pins": {
	"fields": ["PIN_NO", "PIN_NAME", "PIN_X", "PIN_Y", "LAYER", "PIN_TYPE", "NET_NAME", "NET_TYPE", "PAD_SHAPE", "PAD_SIZEX", "PAD_SIZEY", "HOLE_SIZE", "PAD_ANGLE"],
	"rows": [
		[1, "A_1", 2408, -1346.02, "T", "SMD", "GND", "GND", "R", 48.42, 53.54, 0, 90],
		[2, "A_2", 2408, -1173.98, "T", "SMD", "A-BTN", "", "R", 48.42, 53.54, 0, 90],
		[3, "B_1", 2610, -1346.02, "T", "SMD", "GND", "GND", "R", 48.42, 53.54, 0, 90],
		[4, "B_2", 2610, -1173.98, "T", "SMD", "B-BTN", "", "R", 48.42, 53.54, 0, 90],
		[5, "BOOT_1", 506.02, -460, "T", "SMD", "GPIO0", "", "R", 48.42, 53.54, 0, 180],
		[6, "BOOT_2", 333.98, -460, "T", "SMD", "GND", "GND", "R", 48.42, 53.54, 0, 180],
		[7, "C1_1", 2342.44, -795, "T", "SMD", "+5V", "", "R", 31.5, 35.43, 0, 0],
		[8, "C1_2", 2397.56, -795, "T", "SMD", "GND", "GND", "R", 31.5, 35.43, 0, 0],
		[9, "C17_1", 610, -812.44, "T", "SMD", "EN", "", "R", 31.5, 35.43, 0, 270],
		[10, "C17_2", 610, -867.56, "T", "SMD", "GND", "GND", "R", 31.5, 35.43, 0, 270],
		[11, "C18_1", 2095, -402.44, "T", "SMD", "GND", "GND", "R", 31.5, 35.43, 0, 270],
		[12, "C18_2", 2095, -457.56, "T", "SMD", "+5V", "", "R", 31.5, 35.43, 0, 270],
		[13, "C19_1", 2612.56, -350, "T", "SMD", "GND", "GND", "R", 31.5, 35.43, 0, 180],
		[14, "C19_2", 2557.44, -350, "T", "SMD", "+3.3V", "", "R", 31.5, 35.43, 0, 180],
		[15, "C20_1", 2421.95, -654.88, "T", "SMD", "GND", "GND", "R", 31.5, 35.43, 0, 90],
		[16, "C20_2", 2421.95, -599.76, "T", "SMD", "+3.3V", "", "R", 31.5, 35.43, 0, 90],
		[17, "C21_1", 2095, -592.56, "T", "SMD", "GND", "GND", "R", 31.5, 35.43, 0, 90],
		[18, "C21_2", 2095, -537.44, "T", "SMD", "+5V", "", "R", 31.5, 35.43, 0, 90],
		[19, "CALI_1", 2447.99, -964.85, "T", "SMD", "CAL-BTN", "", "R", 48.42, 53.54, 0, 0],
		[20, "CALI_2", 2620.03, -964.85, "T", "SMD", "GND", "GND", "R", 48.42, 53.54, 0, 0],
		[21, "CN1_1", 251.92, -475.94, "T", "SMD", "GND", "GND", "R", 19.68, 66.93, 0, 270],
		[22, "CN1_2", 251.92, -515.31, "T", "SMD", "GND", "GND", "R", 19.68, 66.93, 0, 270],
		[23, "CN1_3", 251.92, -554.68, "T", "SMD", "$1N4298", "", "R", 19.68, 66.93, 0, 270],
		[24, "CN1_4", 251.92, -594.05, "T", "SMD", "$1N4298", "", "R", 19.68, 66.93, 0, 270],
		[25, "CN1_5", 118.08, -432.64, "T", "SMD", "GND", "GND", "R", 47.24, 98.42, 0, 270],
		[26, "CN1_6", 118.08, -637.36, "T", "SMD", "GND", "GND", "R", 47.24, 98.42, 0, 270],
		[27, "D1_1", 268.57, -960, "T", "SMD", "$1N1261", "", "R", 81.2, 60.59, 0, 0],
		[28, "D1_2", 71.43, -960, "T", "SMD", "+5V", "", "R", 81.2, 60.59, 0, 0],
		[29, "D2_1", 268.57, -825, "T", "SMD", "$1N4304", "", "R", 81.2, 60.59, 0, 0],
		[30, "D2_2", 71.43, -825, "T", "SMD", "+5V", "", "R", 81.2, 60.59, 0, 0],
		[31, "EN_1", 506.02, -655, "T", "SMD", "EN", "", "R", 48.42, 53.54, 0, 180],
		[32, "EN_2", 333.98, -655, "T", "SMD", "GND", "GND", "R", 48.42, 53.54, 0, 180],
		[33, "FIN-1_1", 323.42, -241.93, "T", "SMD", "+5V", "", "R", 19.68, 66.93, 0, 180],
		[34, "FIN-1_2", 284.05, -241.93, "T", "SMD", "SIN-1", "", "R", 19.68, 66.93, 0, 180],
		[35, "FIN-1_3", 244.68, -241.93, "T", "SMD", "COS-1", "", "R", 19.68, 66.93, 0, 180],
		[36, "FIN-1_4", 205.31, -241.93, "T", "SMD", "SPLAY-1", "", "R", 19.68, 66.93, 0, 180],
		[37, "FIN-1_5", 165.94, -241.93, "T", "SMD", "SERVO-1", "", "R", 19.68, 66.93, 0, 180],
		[38, "FIN-1_6", 126.57, -241.93, "T", "SMD", "GND", "GND", "R", 19.68, 66.93, 0, 180],
		[39, "FIN-1_7", 83.27, -108.07, "T", "SMD", "GND", "GND", "R", 47.24, 98.42, 0, 180],
		[40, "FIN-1_8", 366.73, -108.07, "T", "SMD", "GND", "GND", "R", 47.24, 98.42, 0, 180],
		[41, "FIN-2_1", 720.92, -241.93, "T", "SMD", "+5V", "", "R", 19.68, 66.93, 0, 180],
		[42, "FIN-2_2", 681.55, -241.93, "T", "SMD", "SIN-2", "", "R", 19.68, 66.93, 0, 180],
		[43, "FIN-2_3", 642.18, -241.93, "T", "SMD", "COS-2", "", "R", 19.68, 66.93, 0, 180],
		[44, "FIN-2_4", 602.81, -241.93, "T", "SMD", "SPLAY-2", "", "R", 19.68, 66.93, 0, 180],
		[45, "FIN-2_5", 563.44, -241.93, "T", "SMD", "SERVO-2", "", "R", 19.68, 66.93, 0, 180],
		[46, "FIN-2_6", 524.07, -241.93, "T", "SMD", "GND", "GND", "R", 19.68, 66.93, 0, 180],
		[47, "FIN-2_7", 480.77, -108.07, "T", "SMD", "GND", "GND", "R", 47.24, 98.42, 0, 180],
		[48, "FIN-2_8", 764.23, -108.07, "T", "SMD", "GND", "GND", "R", 47.24, 98.42, 0, 180],
		[49, "FIN-3_1", 1118.42, -241.93, "T", "SMD", "+5V", "", "R", 19.68, 66.93, 0, 180],
		[50, "FIN-3_2", 1079.05, -241.93, "T", "SMD", "SIN-3", "", "R", 19.68, 66.93, 0, 180],
		[51, "FIN-3_3", 1039.68, -241.93, "T", "SMD", "COS-3", "", "R", 19.68, 66.93, 0, 180],
		[52, "FIN-3_4", 1000.31, -241.93, "T", "SMD", "SPLAY-3", "", "R", 19.68, 66.93, 0, 180],
		[53, "FIN-3_5", 960.94, -241.93, "T", "SMD", "SERVO-3", "", "R", 19.68, 66.93, 0, 180],
		[54, "FIN-3_6", 921.57, -241.93, "T", "SMD", "GND", "GND", "R", 19.68, 66.93, 0, 180],
		[55, "FIN-3_7", 878.27, -108.07, "T", "SMD", "GND", "GND", "R", 47.24, 98.42, 0, 180],
		[56, "FIN-3_8", 1161.73, -108.07, "T", "SMD", "GND", "GND", "R", 47.24, 98.42, 0, 180],
		[57, "FIN-4_1", 1515.92, -241.93, "T", "SMD", "+5V", "", "R", 19.68, 66.93, 0, 180],
		[58, "FIN-4_2", 1476.55, -241.93, "T", "SMD", "SIN-4", "", "R", 19.68, 66.93, 0, 180],
		[59, "FIN-4_3", 1437.18, -241.93, "T", "SMD", "COS-4", "", "R", 19.68, 66.93, 0, 180],
		[60, "FIN-4_4", 1397.81, -241.93, "T", "SMD", "SPLAY-4", "", "R", 19.68, 66.93, 0, 180],
		[61, "FIN-4_5", 1358.44, -241.93, "T", "SMD", "SERVO-4", "", "R", 19.68, 66.93, 0, 180],
		[62, "FIN-4_6", 1319.07, -241.93, "T", "SMD", "GND", "GND", "R", 19.68, 66.93, 0, 180],
		[63, "FIN-4_7", 1275.77, -108.07, "T", "SMD", "GND", "GND", "R", 47.24, 98.42, 0, 180],
		[64, "FIN-4_8", 1559.23, -108.07, "T", "SMD", "GND", "GND", "R", 47.24, 98.42, 0, 180],
		[65, "FIN-5_1", 1913.42, -241.93, "T", "SMD", "+5V", "", "R", 19.68, 66.93, 0, 180],
		[66, "FIN-5_2", 1874.05, -241.93, "T", "SMD", "SIN-5", "", "R", 19.68, 66.93, 0, 180],
		[67, "FIN-5_3", 1834.68, -241.93, "T", "SMD", "COS-5", "", "R", 19.68, 66.93, 0, 180],
		[68, "FIN-5_4", 1795.31, -241.93, "T", "SMD", "SPLAY-5", "", "R", 19.68, 66.93, 0, 180],
		[69, "FIN-5_5", 1755.94, -241.93, "T", "SMD", "SERVO-5", "", "R", 19.68, 66.93, 0, 180],
		[70, "FIN-5_6", 1716.57, -241.93, "T", "SMD", "GND", "GND", "R", 19.68, 66.93, 0, 180],
		[71, "FIN-5_7", 1673.27, -108.07, "T", "SMD", "GND", "GND", "R", 47.24, 98.42, 0, 180],
		[72, "FIN-5_8", 1956.73, -108.07, "T", "SMD", "GND", "GND", "R", 47.24, 98.42, 0, 180],
		[73, "GRAB_1", 2004, -1345.44, "T", "SMD", "GND", "GND", "R", 48.42, 53.54, 0, 90],
		[74, "GRAB_2", 2004, -1173.4, "T", "SMD", "GRAB-BTN", "", "R", 48.42, 53.54, 0, 90],
		[75, "JOYSTICK_1", 2518.07, -698.74, "T", "SMD", "+3.3V", "", "R", 19.68, 66.93, 0, 90],
		[76, "JOYSTICK_2", 2518.07, -659.37, "T", "SMD", "JOY-X", "", "R", 19.68, 66.93, 0, 90],
		[77, "JOYSTICK_3", 2518.07, -620, "T", "SMD", "JOY-Y", "", "R", 19.68, 66.93, 0, 90],
		[78, "JOYSTICK_4", 2518.07, -580.63, "T", "SMD", "JOY-BTN", "", "R", 19.68, 66.93, 0, 90],
		[79, "JOYSTICK_5", 2518.07, -541.26, "T", "SMD", "GND", "GND", "R", 19.68, 66.93, 0, 90],
		[80, "JOYSTICK_6", 2651.93, -497.95, "T", "SMD", "GND", "GND", "R", 47.24, 98.42, 0, 90],
		[81, "JOYSTICK_7", 2651.92, -742.05, "T", "SMD", "GND", "GND", "R", 47.24, 98.42, 0, 90],
		[82, "L1_1", 452.55, -980, "T", "SMD", "$1N1256", "", "R", 31.5, 34.02, 0, 0],
		[83, "L1_2", 397.45, -980, "T", "SMD", "$1N1261", "", "R", 31.5, 34.02, 0, 0],
		[84, "L2_1", 260, -724.26, "T", "SMD", "$1N4298", "", "R", 31.5, 34.02, 0, 0],
		[85, "L2_2", 204.89, -724.26, "T", "SMD", "$1N4304", "", "R", 31.5, 34.02, 0, 0],
		[86, "LED1_1", 2100.04, -986.45, "T", "SMD", "+5V", "", "R", 59.05, 39.37, 0, 270],
		[87, "LED1_2", 2229.96, -986.45, "T", "SMD", "LED1_2", "", "R", 59.05, 39.37, 0, 270],
		[88, "LED1_3", 2229.96, -793.55, "T", "SMD", "GND", "GND", "R", 59.05, 39.37, 0, 270],
		[89, "LED1_4", 2100.04, -793.55, "T", "SMD", "LED", "", "R", 59.05, 39.37, 0, 270],
		[90, "LED2_1", 126.48, -1304.87, "T", "SMD", "GND", "GND", "R", 31.5, 31.5, 0, 270],
		[91, "LED2_2", 63.52, -1305.14, "T", "SMD", "$1N2632", "", "R", 31.5, 31.5, 0, 270],
		[92, "MENU_1", 1600, -1168.98, "T", "SMD", "MENU-BTN", "", "R", 48.42, 53.54, 0, 270],
		[93, "MENU_2", 1600, -1341.02, "T", "SMD", "+3.3V", "", "R", 48.42, 53.54, 0, 270],
		[94, "PINCH_1", 2206, -1345.44, "T", "SMD", "GND", "GND", "R", 48.42, 53.54, 0, 90],
		[95, "PINCH_2", 2206, -1173.4, "T", "SMD", "PINCH-BTN", "", "R", 48.42, 53.54, 0, 90],
		[96, "R1_1", 625, -1139.66, "T", "SMD", "$1N803", "", "R", 31.75, 34.02, 0, 90],
		[97, "R1_2", 625, -1080.34, "T", "SMD", "GND", "GND", "R", 31.75, 34.02, 0, 90],
		[98, "R2_1", 625, -1329.66, "T", "SMD", "$1N807", "", "R", 31.75, 34.02, 0, 90],
		[99, "R2_2", 625, -1270.34, "T", "SMD", "GND", "GND", "R", 31.75, 34.02, 0, 90],
		[100, "R6_1", 65.34, -1180, "T", "SMD", "$1N2632", "", "R", 31.75, 34.02, 0, 0],
		[101, "R6_2", 124.66, -1180, "T", "SMD", "+3.3V", "", "R", 31.75, 34.02, 0, 0],
		[102, "R8_1", 600.55, -687.3, "T", "SMD", "EN", "", "R", 31.75, 34.02, 0, 90],
		[103, "R8_2", 600.55, -627.98, "T", "SMD", "+3.3V", "", "R", 31.75, 34.02, 0, 90],
		[104, "R9_1", 600, -494.66, "T", "SMD", "GPIO0", "", "R", 31.75, 34.02, 0, 90],
		[105, "R9_2", 600, -435.34, "T", "SMD", "+3.3V", "", "R", 31.75, 34.02, 0, 90],
		[106, "R10_1", 2336.37, -895.59, "T", "SMD", "CAL-BTN", "", "R", 31.75, 34.02, 0, 270],
		[107, "R10_2", 2336.37, -954.91, "T", "SMD", "+3.3V", "", "R", 31.75, 34.02, 0, 270],
		[108, "R15_1", 1628.06, -1103.97, "T", "SMD", "MENU-BTN", "", "R", 31.75, 34.02, 0, 180],
		[109, "R15_2", 1568.74, -1103.97, "T", "SMD", "GND", "GND", "R", 31.75, 34.02, 0, 180],
		[110, "R16_1", 1837.56, -1101.97, "T", "SMD", "TRIG-BTN", "", "R", 31.75, 34.02, 0, 180],
		[111, "R16_2", 1778.24, -1101.97, "T", "SMD", "GND", "GND", "R", 31.75, 34.02, 0, 180],
		[112, "R17_1", 1987.74, -1101.97, "T", "SMD", "+3.3V", "", "R", 31.75, 34.02, 0, 0],
		[113, "R17_2", 2047.06, -1101.97, "T", "SMD", "GRAB-BTN", "", "R", 31.75, 34.02, 0, 0],
		[114, "R18_1", 2197.24, -1101.97, "T", "SMD", "+3.3V", "", "R", 31.75, 34.02, 0, 0],
		[115, "R18_2", 2256.56, -1101.97, "T", "SMD", "PINCH-BTN", "", "R", 31.75, 34.02, 0, 0],
		[116, "R19_1", 2406.74, -1101.97, "T", "SMD", "+3.3V", "", "R", 31.75, 34.02, 0, 0],
		[117, "R19_2", 2466.06, -1101.97, "T", "SMD", "A-BTN", "", "R", 31.75, 34.02, 0, 0],
		[118, "R20_1", 2616.24, -1101.97, "T", "SMD", "+3.3V", "", "R", 31.75, 34.02, 0, 0],
		[119, "R20_2", 2675.56, -1101.97, "T", "SMD", "B-BTN", "", "R", 31.75, 34.02, 0, 0],
		[120, "TRIG_1", 1802, -1173.4, "T", "SMD", "TRIG-BTN", "", "R", 48.42, 53.54, 0, 270],
		[121, "TRIG_2", 1802, -1345.44, "T", "SMD", "+3.3V", "", "R", 48.42, 53.54, 0, 270],
		[122, "U2_1", 2208.39, -319.45, "T", "SMD", "GND", "GND", "R", 97.24, 38.58, 0, 180],
		[123, "U2_2", 2208.39, -410, "T", "SMD", "+3.3V", "", "R", 97.24, 38.58, 0, 180],
		[124, "U2_3", 2208.39, -500.55, "T", "SMD", "+5V", "", "R", 97.24, 38.58, 0, 180],
		[125, "U2_4", 2431.61, -410, "T", "SMD", "U2_4", "", "R", 97.24, 141.73, 0, 180],
		[126, "U10_1", 1419.49, -1085.2, "T", "SMD", "GND", "GND", "R", 59.05, 35.43, 0, 180],
		[127, "U10_2", 1419.49, -1035.2, "T", "SMD", "+3.3V", "", "R", 59.05, 35.43, 0, 180],
		[128, "U10_3", 1419.49, -985.2, "T", "SMD", "EN", "", "R", 59.05, 35.43, 0, 180],
		[129, "U10_4", 1419.49, -935.2, "T", "SMD", "SPLAY-5", "", "R", 59.05, 35.43, 0, 180],
		[130, "U10_5", 1419.49, -885.2, "T", "SMD", "COS-5", "", "R", 59.05, 35.43, 0, 180],
		[131, "U10_6", 1419.49, -835.2, "T", "SMD", "SIN-5", "", "R", 59.05, 35.43, 0, 180],
		[132, "U10_7", 1419.49, -785.2, "T", "SMD", "SPLAY-1", "", "R", 59.05, 35.43, 0, 180],
		[133, "U10_8", 1419.49, -735.2, "T", "SMD", "SIN-2", "", "R", 59.05, 35.43, 0, 180],
		[134, "U10_9", 1419.49, -685.2, "T", "SMD", "COS-2", "", "R", 59.05, 35.43, 0, 180],
		[135, "U10_10", 1419.49, -635.2, "T", "SMD", "SPLAY-2", "", "R", 59.05, 35.43, 0, 180],
		[136, "U10_11", 1419.49, -585.2, "T", "SMD", "SIN-3", "", "R", 59.05, 35.43, 0, 180],
		[137, "U10_12", 1419.49, -535.2, "T", "SMD", "COS-3", "", "R", 59.05, 35.43, 0, 180],
		[138, "U10_13", 1419.49, -485.2, "T", "SMD", "USBDN", "", "R", 59.05, 35.43, 0, 180],
		[139, "U10_14", 1419.49, -435.2, "T", "SMD", "USBDP", "", "R", 59.05, 35.43, 0, 180],
		[140, "U10_15", 1350, -384.81, "T", "SMD", "B-BTN", "", "R", 59.05, 35.43, 0, 270],
		[141, "U10_16", 1300, -384.81, "T", "SMD", "TRIG-BTN", "", "R", 59.05, 35.43, 0, 270],
		[142, "U10_17", 1250, -384.81, "T", "SMD", "SPLAY-3", "", "R", 59.05, 35.43, 0, 270],
		[143, "U10_18", 1200, -384.81, "T", "SMD", "SIN-4", "", "R", 59.05, 35.43, 0, 270],
		[144, "U10_19", 1150, -384.81, "T", "SMD", "COS-4", "", "R", 59.05, 35.43, 0, 270],
		[145, "U10_20", 1100, -384.81, "T", "SMD", "SPLAY-4", "", "R", 59.05, 35.43, 0, 270],
		[146, "U10_21", 1050, -384.81, "T", "SMD", "JOY-X", "", "R", 59.05, 35.43, 0, 270],
		[147, "U10_22", 1000, -384.81, "T", "SMD", "JOY-Y", "", "R", 59.05, 35.43, 0, 270],
		[148, "U10_23", 950, -384.81, "T", "SMD", "A-BTN", "", "R", 59.05, 35.43, 0, 270],
		[149, "U10_24", 900, -384.81, "T", "SMD", "PINCH-BTN", "", "R", 59.05, 35.43, 0, 270],
		[150, "U10_25", 850, -384.81, "T", "SMD", "GRAB-BTN", "", "R", 59.05, 35.43, 0, 270],
		[151, "U10_26", 800, -385.99, "T", "SMD", "MENU-BTN", "", "R", 59.05, 35.43, 0, 270],
		[152, "U10_27", 730.51, -435.19, "T", "SMD", "GPIO0", "", "R", 59.05, 35.43, 0, 0],
		[153, "U10_28", 730.51, -485.19, "T", "SMD", "JOY-BTN", "", "R", 59.05, 35.43, 0, 0],
		[154, "U10_29", 730.51, -535.19, "T", "SMD", "CAL-BTN", "", "R", 59.05, 35.43, 0, 0],
		[155, "U10_30", 730.51, -585.19, "T", "SMD", "LED", "", "R", 59.05, 35.43, 0, 0],
		[156, "U10_31", 730.51, -635.19, "T", "SMD", "SERVO-1", "", "R", 59.05, 35.43, 0, 0],
		[157, "U10_32", 730.51, -685.19, "T", "SMD", "SERVO-2", "", "R", 59.05, 35.43, 0, 0],
		[158, "U10_33", 730.51, -735.19, "T", "SMD", "SERVO-3", "", "R", 59.05, 35.43, 0, 0],
		[159, "U10_34", 730.51, -785.19, "T", "SMD", "SERVO-4", "", "R", 59.05, 35.43, 0, 0],
		[160, "U10_35", 730.51, -835.19, "T", "SMD", "SERVO-5", "", "R", 59.05, 35.43, 0, 0],
		[161, "U10_36", 730.51, -885.19, "T", "SMD", "TXD", "", "R", 59.05, 35.43, 0, 0],
		[162, "U10_37", 730.51, -935.19, "T", "SMD", "RXD", "", "R", 59.05, 35.43, 0, 0],
		[163, "U10_38", 730.51, -985.19, "T", "SMD", "SIN-1", "", "R", 59.05, 35.43, 0, 0],
		[164, "U10_39", 730.51, -1035.19, "T", "SMD", "COS-1", "", "R", 59.05, 35.43, 0, 0],
		[165, "U10_40", 730.51, -1085.19, "T", "SMD", "GND", "GND", "R", 59.05, 35.43, 0, 0],
		[166, "U10_41", 1078.94, -726.13, "T", "SMD", "GND", "GND", "R", 35.43, 35.43, 0, 270],
		[167, "U10_41", 1134.06, -726.13, "T", "SMD", "GND", "GND", "R", 35.43, 35.43, 0, 270],
		[168, "U10_41", 1189.18, -726.13, "T", "SMD", "GND", "GND", "R", 35.43, 35.43, 0, 270],
		[169, "U10_41", 1189.18, -836.38, "T", "SMD", "GND", "GND", "R", 35.43, 35.43, 0, 270],
		[170, "U10_41", 1134.06, -836.38, "T", "SMD", "GND", "GND", "R", 35.43, 35.43, 0, 270],
		[171, "U10_41", 1078.94, -836.38, "T", "SMD", "GND", "GND", "R", 35.43, 35.43, 0, 270],
		[172, "U10_41", 1078.94, -781.25, "T", "SMD", "GND", "GND", "R", 35.43, 35.43, 0, 270],
		[173, "U10_41", 1189.18, -781.25, "T", "SMD", "GND", "GND", "R", 35.43, 35.43, 0, 270],
		[174, "U10_41", 1134.06, -781.25, "T", "SMD", "GND", "GND", "R", 35.43, 35.43, 0, 270],
		[175, "U11_1", 1555, -985, "T", "SMD", "RXD", "", "R", 70.87, 98.42, 0, 0],
		[176, "U11_2", 1655, -985, "T", "SMD", "TXD", "", "R", 70.87, 98.42, 0, 0],
		[177, "U11_3", 1755, -985, "T", "SMD", "GND", "GND", "R", 70.87, 98.42, 0, 0],
		[178, "U11_4", 1855, -985, "T", "SMD", "+3.3V", "", "R", 70.87, 98.42, 0, 0],
		[179, "U11_5", 1955, -985, "T", "SMD", "GPIO0", "", "R", 70.87, 98.42, 0, 0],
		[180, "U12_1", 2620, -105, "T", "DIP", "GND", "GND", "R", 59.84, 59.84, 40.16, 180],
		[181, "U12_1", 2620, -105, "B", "DIP", "GND", "GND", "R", 59.84, 59.84, 40.16, 180],
		[182, "U12_2", 2620, -205, "T", "DIP", "B-BTN", "", "C", 59.84, 59.84, 40.16, 180],
		[183, "U12_2", 2620, -205, "B", "DIP", "B-BTN", "", "C", 59.84, 59.84, 40.16, 180],
		[184, "U12_3", 2520, -105, "T", "DIP", "GND", "GND", "C", 59.84, 59.84, 40.16, 180],
		[185, "U12_3", 2520, -105, "B", "DIP", "GND", "GND", "C", 59.84, 59.84, 40.16, 180],
		[186, "U12_4", 2520, -205, "T", "DIP", "A-BTN", "", "C", 59.84, 59.84, 40.16, 180],
		[187, "U12_4", 2520, -205, "B", "DIP", "A-BTN", "", "C", 59.84, 59.84, 40.16, 180],
		[188, "U12_5", 2420, -105, "T", "DIP", "GND", "GND", "C", 59.84, 59.84, 40.16, 180],
		[189, "U12_5", 2420, -105, "B", "DIP", "GND", "GND", "C", 59.84, 59.84, 40.16, 180],
		[190, "U12_6", 2420, -205, "T", "DIP", "PINCH-BTN", "", "C", 59.84, 59.84, 40.16, 180],
		[191, "U12_6", 2420, -205, "B", "DIP", "PINCH-BTN", "", "C", 59.84, 59.84, 40.16, 180],
		[192, "U12_7", 2320, -105, "T", "DIP", "GND", "GND", "C", 59.84, 59.84, 40.16, 180],
		[193, "U12_7", 2320, -105, "B", "DIP", "GND", "GND", "C", 59.84, 59.84, 40.16, 180],
		[194, "U12_8", 2320, -205, "T", "DIP", "GRAB-BTN", "", "C", 59.84, 59.84, 40.16, 180],
		[195, "U12_8", 2320, -205, "B", "DIP", "GRAB-BTN", "", "C", 59.84, 59.84, 40.16, 180],
		[196, "U12_9", 2220, -105, "T", "DIP", "+3.3V", "", "C", 59.84, 59.84, 40.16, 180],
		[197, "U12_9", 2220, -105, "B", "DIP", "+3.3V", "", "C", 59.84, 59.84, 40.16, 180],
		[198, "U12_10", 2220, -205, "T", "DIP", "TRIG-BTN", "", "C", 59.84, 59.84, 40.16, 180],
		[199, "U12_10", 2220, -205, "B", "DIP", "TRIG-BTN", "", "C", 59.84, 59.84, 40.16, 180],
		[200, "U12_11", 2120, -105, "T", "DIP", "+3.3V", "", "C", 59.84, 59.84, 40.16, 180],
		[201, "U12_11", 2120, -105, "B", "DIP", "+3.3V", "", "C", 59.84, 59.84, 40.16, 180],
		[202, "U12_12", 2120, -205, "T", "DIP", "MENU-BTN", "", "C", 59.84, 59.84, 40.16, 180],
		[203, "U12_12", 2120, -205, "B", "DIP", "MENU-BTN", "", "C", 59.84, 59.84, 40.16, 180],
		[204, "USB1_1", 204.92, -1114.63, "T", "DIP", "GND", "GND", "O", 39.37, 82.68, 66.93, 0],
		[205, "USB1_1", 204.92, -1114.63, "B", "DIP", "GND", "GND", "O", 39.37, 82.68, 66.93, 0],
		[206, "USB1_2", 545.08, -1114.63, "T", "DIP", "GND", "GND", "O", 39.37, 82.68, 66.93, 0],
		[207, "USB1_2", 545.08, -1114.63, "B", "DIP", "GND", "GND", "O", 39.37, 82.68, 66.93, 0],
		[208, "USB1_3", 204.92, -1278.01, "T", "DIP", "GND", "GND", "O", 39.37, 70.87, 55.12, 0],
		[209, "USB1_3", 204.92, -1278.01, "B", "DIP", "GND", "GND", "O", 39.37, 70.87, 55.12, 0],
		[210, "USB1_4", 545.08, -1278.01, "T", "DIP", "GND", "GND", "O", 39.37, 70.87, 55.12, 0],
		[211, "USB1_4", 545.08, -1278.01, "B", "DIP", "GND", "GND", "O", 39.37, 70.87, 55.12, 0],
		[212, "USB1_A1B12", 249.01, -1091.99, "T", "SMD", "GND", "GND", "R", 23.62, 45.28, 0, 0],
		[213, "USB1_A4B9", 280.51, -1091.99, "T", "SMD", "$1N1256", "", "R", 23.62, 45.28, 0, 0],
		[214, "USB1_A5", 325.79, -1091.99, "T", "SMD", "$1N807", "", "R", 11.81, 45.28, 0, 0],
		[215, "USB1_A6", 365.16, -1091.99, "T", "SMD", "USBDP", "", "R", 11.81, 45.28, 0, 0],
		[216, "USB1_A7", 384.84, -1091.99, "T", "SMD", "USBDN", "", "R", 11.81, 45.28, 0, 0],
		[217, "USB1_A8", 424.21, -1091.99, "T", "SMD", "USB1_A8", "", "R", 11.81, 45.28, 0, 0],
		[218, "USB1_B1A12", 500.98, -1091.99, "T", "SMD", "GND", "GND", "R", 23.62, 45.28, 0, 0],
		[219, "USB1_B4A9", 469.49, -1091.99, "T", "SMD", "$1N1256", "", "R", 23.62, 45.28, 0, 0],
		[220, "USB1_B5", 443.9, -1091.99, "T", "SMD", "$1N803", "", "R", 11.81, 45.28, 0, 0],
		[221, "USB1_B6", 404.53, -1091.99, "T", "SMD", "USBDP", "", "R", 11.81, 45.28, 0, 0],
		[222, "USB1_B7", 345.47, -1091.99, "T", "SMD", "USBDN", "", "R", 11.81, 45.28, 0, 0],
		[223, "USB1_B8", 306.1, -1091.99, "T", "SMD", "USB1_B8", "", "R", 11.81, 45.28, 0, 0]
	]
}
}